id,date,text,rating,sentiment
1,2026-01-01,The prices are too expensive for what you get.,2,Negative
2,2026-01-01,The website is smooth and checkout was simple today.,4,Positive
3,2026-01-02,Customer service resolved my issue quickly.,4,Positive
4,2026-01-03,The app is easy to use and fast.,4,Positive
5,2026-01-04,I contacted the helpdesk on Tuesday.,3,Neutral
6,2026-01-04,The app is easy to use and fast,5,Positive
7,2026-01-05,The fee is listed on the invoice today.,3,Neutral
8,2026-01-06,The support agent was helpful and polite this week.,4,Positive
9,2026-01-07,Delivery was extremely late,1,Negative
10,2026-01-07,Customer service resolved my issue quickly this week.,4,Positive
11,2026-01-08,Prices are fair and there are no hidden fees,4,Positive
12,2026-01-09,The product quality is excellent and durable.,5,Positive
13,2026-01-10,Exchange was simple and quick.,4,Positive
14,2026-01-10,I requested a return yesterday this week.,3,Neutral
15,2026-01-11,The return process was easy and my refund came quickly,5,Positive
16,2026-01-12,The product broke after two days.,1,Negative
17,2026-01-13,The prices are too expensive for what you get.,1,Negative
18,2026-01-13,Prices are fair and there are no hidden fees,5,Positive
19,2026-01-14,My order arrived a day early today.,4,Positive
20,2026-01-15,The website is smooth and checkout was simple.,5,Positive
21,2026-01-16,The return process was easy and my refund came quickly.,4,Positive
22,2026-01-16,I submitted a refund form,3,Neutral
23,2026-01-17,Prices are fair and there are no hidden fees.,4,Positive
24,2026-01-18,The return process was confusing and slow today.,2,Negative
25,2026-01-19,The app is easy to use and fast this week.,4,Positive
26,2026-01-19,I opened the app this morning.,3,Neutral
27,2026-01-20,Exchange was simple and quick.,5,Positive
28,2026-01-21,Delivery was fast and the courier was friendly,5,Positive
29,2026-01-22,The product quality is excellent and durable,5,Positive
30,2026-01-22,Delivery was fast and the courier was friendly,5,Positive
31,2026-01-23,I installed the latest update today.,3,Neutral
32,2026-01-24,Nobody answered my calls to customer service today.,2,Negative
33,2026-01-25,Exchange was simple and quick,4,Positive
34,2026-01-25,The return process was easy and my refund came quickly this week.,4,Positive
35,2026-01-26,The app is easy to use and fast,5,Positive
36,2026-01-27,My order arrived a day early today.,4,Positive
37,2026-01-28,Hidden fees made the cost unacceptable,2,Negative
38,2026-01-28,The app keeps crashing this week.,2,Negative
39,2026-01-29,My order arrived a day early today.,4,Positive
40,2026-01-30,Delivery was fast and the courier was friendly today.,4,Positive
41,2026-01-31,The return process was confusing and slow this week.,1,Negative
42,2026-01-31,The return process was easy and my refund came quickly this week.,5,Positive
43,2026-02-01,I spoke to an agent about my account.,3,Neutral
44,2026-02-02,Prices are fair and there are no hidden fees.,4,Positive
45,2026-02-03,My order arrived a day early this week.,5,Positive
46,2026-02-03,Exchange was simple and quick,5,Positive
47,2026-02-04,My order arrived a day early today.,4,Positive
48,2026-02-05,The return process was confusing and slow this week.,1,Negative
49,2026-02-06,The support agent was helpful and polite,5,Positive
50,2026-02-06,The return process was easy and my refund came quickly.,4,Positive
51,2026-02-07,Nobody answered my calls to customer service,1,Negative
52,2026-02-08,Great value for the price today.,4,Positive
53,2026-02-09,The product quality is excellent and durable,4,Positive
54,2026-02-09,Hidden fees made the cost unacceptable this week.,1,Negative
55,2026-02-10,I contacted the helpdesk on Tuesday this week.,3,Neutral
56,2026-02-11,I bought the item last week.,3,Neutral
57,2026-02-12,Nobody answered my calls to customer service today.,2,Negative
58,2026-02-12,The product broke after two days,2,Negative
59,2026-02-13,Prices are fair and there are no hidden fees,5,Positive
60,2026-02-14,I waited two hours for the support team to reply.,2,Negative
61,2026-02-15,The app is easy to use and fast this week.,4,Positive
62,2026-02-15,The fee is listed on the invoice today.,3,Neutral
63,2026-02-16,I submitted a refund form this week.,3,Neutral
64,2026-02-17,The website is smooth and checkout was simple.,4,Positive
65,2026-02-18,Great value for the price,4,Positive
66,2026-02-18,The app keeps crashing.,2,Negative
67,2026-02-19,My order arrived three days late and the box was damaged today.,2,Negative
68,2026-02-20,Customer service resolved my issue quickly this week.,4,Positive
69,2026-02-21,The app is easy to use and fast today.,4,Positive
70,2026-02-21,I waited two hours for the support team to reply.,1,Negative
71,2026-02-22,Customer service resolved my issue quickly.,5,Positive
72,2026-02-23,The website is smooth and checkout was simple.,5,Positive
73,2026-02-24,Exchange was simple and quick this week.,5,Positive
74,2026-02-24,I opened the app this morning.,3,Neutral
75,2026-02-25,The service agent was rude and unhelpful today.,1,Negative
76,2026-02-26,The support agent was helpful and polite.,4,Positive
77,2026-02-27,I waited two hours for the support team to reply this week.,2,Negative
78,2026-02-27,Prices are fair and there are no hidden fees,4,Positive
79,2026-02-28,Delivery was fast and the courier was friendly today.,5,Positive
80,2026-03-01,The website is slow and the login fails,1,Negative
81,2026-03-02,Delivery was fast and the courier was friendly.,5,Positive
82,2026-03-02,Delivery was fast and the courier was friendly,4,Positive
83,2026-03-03,I waited two hours for the support team to reply today.,1,Negative
84,2026-03-04,Great value for the price today.,5,Positive
85,2026-03-05,The parcel arrived on Friday this week.,3,Neutral
86,2026-03-05,Great value for the price.,5,Positive
87,2026-03-06,Delivery was fast and the courier was friendly this week.,4,Positive
88,2026-03-07,I installed the latest update,3,Neutral
89,2026-03-08,My refund still has not arrived after weeks today.,2,Negative
90,2026-03-08,I installed the latest update.,3,Neutral
91,2026-03-09,Exchange was simple and quick,5,Positive
92,2026-03-10,My order arrived three days late and the box was damaged today.,1,Negative
93,2026-03-11,The product quality is excellent and durable this week.,5,Positive
94,2026-03-11,The website is slow and the login fails,1,Negative
95,2026-03-12,I received a tracking update this morning this week.,3,Neutral
96,2026-03-13,The app is easy to use and fast,4,Positive
97,2026-03-14,The product quality is excellent and durable this week.,5,Positive
98,2026-03-14,The return process was easy and my refund came quickly this week.,4,Positive
99,2026-03-15,Hidden fees made the cost unacceptable this week.,1,Negative
100,2026-03-16,Prices are fair and there are no hidden fees today.,5,Positive
101,2026-03-17,I checked the pricing page,3,Neutral
102,2026-03-17,I contacted the helpdesk on Tuesday,3,Neutral
103,2026-03-18,The product broke after two days.,2,Negative
104,2026-03-19,The prices are too expensive for what you get,1,Negative
105,2026-03-20,My refund still has not arrived after weeks,1,Negative
106,2026-03-20,The app is easy to use and fast today.,4,Positive
107,2026-03-21,The app is easy to use and fast this week.,5,Positive
108,2026-03-22,I checked the pricing page today.,3,Neutral
109,2026-03-23,Exchange was simple and quick today.,5,Positive
110,2026-03-23,The product quality is excellent and durable.,4,Positive
111,2026-03-24,The support agent was helpful and polite,4,Positive
112,2026-03-25,The product quality is excellent and durable.,4,Positive
113,2026-03-26,The app is easy to use and fast today.,4,Positive
114,2026-03-26,Prices are fair and there are no hidden fees this week.,4,Positive
115,2026-03-27,Exchange was simple and quick.,4,Positive
116,2026-03-28,Great value for the price today.,5,Positive
117,2026-03-29,I spoke to an agent about my account this week.,3,Neutral
118,2026-03-29,Exchange was simple and quick,4,Positive
119,2026-03-30,The website is smooth and checkout was simple,5,Positive
120,2026-03-31,My order arrived a day early today.,4,Positive
121,2026-04-01,"Poor quality, the item was faulty and defective today.",2,Negative
122,2026-04-01,My order arrived a day early today.,5,Positive
123,2026-04-02,Great value for the price today.,5,Positive
124,2026-04-03,The product quality is excellent and durable today.,5,Positive
125,2026-04-04,Great value for the price this week.,4,Positive
126,2026-04-04,The product broke after two days today.,1,Negative
127,2026-04-05,The courier never called and the parcel was delayed today.,1,Negative
128,2026-04-06,The app is easy to use and fast today.,4,Positive
129,2026-04-07,My order arrived a day early.,4,Positive
130,2026-04-07,Exchange was simple and quick today.,5,Positive
131,2026-04-08,"Poor quality, the item was faulty and defective this week.",1,Negative
132,2026-04-09,The website is slow and the login fails today.,1,Negative
133,2026-04-10,The courier never called and the parcel was delayed,2,Negative
134,2026-04-10,The website is smooth and checkout was simple this week.,4,Positive
135,2026-04-11,The support agent was helpful and polite today.,4,Positive
136,2026-04-12,The support agent was helpful and polite this week.,5,Positive
137,2026-04-13,The product broke after two days,1,Negative
138,2026-04-13,Prices are fair and there are no hidden fees,5,Positive
139,2026-04-14,Customer service resolved my issue quickly.,4,Positive
140,2026-04-15,Great value for the price today.,5,Positive
141,2026-04-16,Exchange was simple and quick this week.,5,Positive
142,2026-04-16,I bought the item last week this week.,3,Neutral
143,2026-04-17,My order arrived a day early,4,Positive
144,2026-04-18,The return process was confusing and slow this week.,2,Negative
145,2026-04-19,I waited two hours for the support team to reply today.,2,Negative
146,2026-04-19,The support agent was helpful and polite.,4,Positive
147,2026-04-20,The app keeps crashing.,1,Negative
148,2026-04-21,I received a tracking update this morning,3,Neutral
149,2026-04-22,I requested a return yesterday this week.,3,Neutral
150,2026-04-22,I waited two hours for the support team to reply,2,Negative
151,2026-04-23,The website is smooth and checkout was simple today.,5,Positive
152,2026-04-24,The product quality is excellent and durable today.,5,Positive
153,2026-04-25,The courier never called and the parcel was delayed this week.,2,Negative
154,2026-04-25,My refund still has not arrived after weeks this week.,2,Negative
155,2026-04-26,My refund still has not arrived after weeks this week.,2,Negative
156,2026-04-27,My order arrived three days late and the box was damaged this week.,1,Negative
157,2026-04-28,The app keeps crashing today.,2,Negative
158,2026-04-28,Customer service resolved my issue quickly today.,4,Positive
159,2026-04-29,The website is smooth and checkout was simple,5,Positive
160,2026-04-30,Delivery was fast and the courier was friendly.,4,Positive
161,2026-05-01,The support agent was helpful and polite.,5,Positive
162,2026-05-01,My order arrived a day early,4,Positive
163,2026-05-02,The product broke after two days.,1,Negative
164,2026-05-03,The return process was easy and my refund came quickly this week.,5,Positive
165,2026-05-04,I installed the latest update today.,3,Neutral
166,2026-05-04,Customer service resolved my issue quickly.,5,Positive
167,2026-05-05,The app is easy to use and fast today.,5,Positive
168,2026-05-06,The app keeps crashing.,2,Negative
169,2026-05-07,The app keeps crashing,1,Negative
170,2026-05-07,Customer service resolved my issue quickly,5,Positive
171,2026-05-08,The product quality is excellent and durable.,4,Positive
172,2026-05-09,The app is easy to use and fast today.,4,Positive
173,2026-05-10,The website is smooth and checkout was simple.,4,Positive
174,2026-05-10,The app is easy to use and fast this week.,4,Positive
175,2026-05-11,I received a tracking update this morning,3,Neutral
176,2026-05-12,The support agent was helpful and polite this week.,5,Positive
177,2026-05-13,The courier never called and the parcel was delayed.,2,Negative
178,2026-05-13,The product quality is excellent and durable.,5,Positive
179,2026-05-14,Hidden fees made the cost unacceptable this week.,2,Negative
180,2026-05-15,The website is slow and the login fails this week.,2,Negative
181,2026-05-16,The return process was easy and my refund came quickly today.,5,Positive
182,2026-05-16,The website is smooth and checkout was simple,5,Positive
183,2026-05-17,"Poor quality, the item was faulty and defective today.",2,Negative
184,2026-05-18,The website is slow and the login fails.,1,Negative
185,2026-05-19,The app keeps crashing.,2,Negative
186,2026-05-19,The app is easy to use and fast today.,5,Positive
187,2026-05-20,The website is smooth and checkout was simple,4,Positive
188,2026-05-21,My order arrived a day early,4,Positive
189,2026-05-22,"Great item, well made and exactly as described.",5,Positive
190,2026-05-22,The parcel arrived on Friday today.,3,Neutral
191,2026-05-23,I requested a return yesterday this week.,3,Neutral
192,2026-05-24,"Great item, well made and exactly as described.",5,Positive
193,2026-05-25,Customer service resolved my issue quickly today.,4,Positive
194,2026-05-25,Great value for the price,4,Positive
195,2026-05-26,Exchange was simple and quick.,5,Positive
196,2026-05-27,I bought the item last week.,3,Neutral
197,2026-05-28,The service agent was rude and unhelpful.,1,Negative
198,2026-05-28,Exchange was simple and quick,5,Positive
199,2026-05-29,The app is easy to use and fast today.,5,Positive
200,2026-05-30,I spoke to an agent about my account this week.,3,Neutral
201,2026-05-31,The website is smooth and checkout was simple today.,4,Positive
202,2026-05-31,Hidden fees made the cost unacceptable.,1,Negative
203,2026-06-01,The support agent was helpful and polite,4,Positive
204,2026-06-02,The website is smooth and checkout was simple,5,Positive
205,2026-06-03,Customer service resolved my issue quickly,5,Positive
206,2026-06-03,The app is easy to use and fast this week.,4,Positive
207,2026-06-04,I contacted the helpdesk on Tuesday this week.,3,Neutral
208,2026-06-05,The app is easy to use and fast.,5,Positive
209,2026-06-06,The app keeps crashing today.,2,Negative
210,2026-06-06,I contacted the helpdesk on Tuesday today.,3,Neutral
211,2026-06-07,Delivery was fast and the courier was friendly,4,Positive
212,2026-06-08,"Great item, well made and exactly as described",5,Positive
213,2026-06-09,The return process was confusing and slow.,2,Negative
214,2026-06-09,Customer service resolved my issue quickly this week.,5,Positive
215,2026-06-10,Great value for the price this week.,4,Positive
216,2026-06-11,The app keeps crashing,2,Negative
217,2026-06-12,Customer service resolved my issue quickly today.,4,Positive
218,2026-06-12,Great value for the price today.,4,Positive
219,2026-06-13,"Great item, well made and exactly as described",4,Positive
220,2026-06-14,The support agent was helpful and polite.,5,Positive
221,2026-06-15,I checked the pricing page this week.,3,Neutral
222,2026-06-15,Hidden fees made the cost unacceptable,2,Negative
223,2026-06-16,The support agent was helpful and polite this week.,4,Positive
224,2026-06-17,Customer service resolved my issue quickly this week.,5,Positive
225,2026-06-18,The prices are too expensive for what you get this week.,2,Negative
226,2026-06-18,Prices are fair and there are no hidden fees,5,Positive
227,2026-06-19,The app is easy to use and fast today.,5,Positive
228,2026-06-20,The parcel arrived on Friday.,3,Neutral
229,2026-06-21,The return process was confusing and slow this week.,1,Negative
230,2026-06-21,Prices are fair and there are no hidden fees,5,Positive
231,2026-06-22,The product quality is excellent and durable.,4,Positive
232,2026-06-23,The support agent was helpful and polite today.,4,Positive
233,2026-06-24,Prices are fair and there are no hidden fees this week.,4,Positive
234,2026-06-24,Exchange was simple and quick this week.,4,Positive
235,2026-06-25,The support agent was helpful and polite today.,5,Positive
236,2026-06-26,The product quality is excellent and durable,4,Positive
237,2026-06-27,I requested a return yesterday.,3,Neutral
238,2026-06-27,I opened the app this morning today.,3,Neutral
239,2026-06-28,My order arrived three days late and the box was damaged,2,Negative
240,2026-06-29,Prices are fair and there are no hidden fees today.,5,Positive
